2016-06-14 14:45:00,22589818
2016-06-15 12:30:00,24452296
2016-06-16 10:15:00,27394938
2016-06-17 08:00:00,24740828.5
2016-06-18 05:45:00,24474438.5
2016-06-19 03:30:00,8565215.5
2016-06-20 01:15:00,1665726.5
2016-06-20 23:00:00,5197197.5
2016-06-21 20:45:00,6517769.0
2016-06-22 18:30:00,9267800.0
2016-06-23 16:15:00,11378161.5
2016-06-24 14:00:00,20417449.5
2016-06-25 11:45:00,6153578.5
2016-06-26 09:30:00,1540026.0
2016-06-27 07:15:00,2920845.5
2016-06-28 05:00:00,1191266.0
2016-06-29 02:45:00,3629404.5
2016-06-30 00:30:00,1026689.0
2016-06-30 22:15:00,4682160.5
2016-07-01 20:00:00,3797237.5
2016-07-02 17:45:00,2028183.0
2016-07-03 15:30:00,4748770.5
2016-07-04 13:15:00,2298973.5
2016-07-05 11:00:00,5718914.0
2016-07-06 08:45:00,3683262.0
2016-07-07 06:30:00,2802208.0
2016-07-08 04:15:00,2015346.0
2016-07-09 02:00:00,2008491.0
2016-07-09 23:45:00,1920614.5
2016-07-10 21:30:00,2203658.5
2016-07-11 19:15:00,1976964.0
2016-07-12 17:00:00,5427087.5
2016-07-13 14:45:00,5836725.5
2016-07-14 12:30:00,2195924.5
2016-07-15 10:15:00,2847423.5
2016-07-16 08:00:00,1683071.0
2016-07-17 05:45:00,1924112.5
2016-07-18 03:30:00,2510163.5
2016-07-19 01:15:00,1685712.5
2016-07-19 23:00:00,4228508.0
2016-07-20 20:45:00,8875058.0
2016-07-21 18:30:00,6474470.0
2016-07-22 16:15:00,10115781
2016-07-23 14:00:00,1640602.5
2016-07-24 11:45:00,2120528.0
2016-07-25 09:30:00,3303546.0
2016-07-26 07:15:00,4195909.0
2016-07-27 05:00:00,7895512.5
2016-07-28 02:45:00,3390996.0
2016-07-29 00:30:00,3049407.0
2016-07-29 22:15:00,3112253.0
2016-07-30 20:00:00,12453529
2016-07-31 17:45:00,4863043.0
2016-08-01 15:30:00,4677724.0
2016-08-02 13:15:00,5459387.0
2016-08-03 11:00:00,3844627.0
2016-08-04 08:45:00,5442061.5
2016-08-05 06:30:00,8159398.0
2016-08-06 04:15:00,2124171.0
2016-08-07 02:00:00,2450710.0
2016-08-07 23:45:00,1561753.0
2016-08-08 21:30:00,1916953.5
2016-08-09 19:15:00,9724357.0
2016-08-10 17:00:00,11092430
2016-08-11 14:45:00,2580684.0
2016-08-12 12:30:00,2138737.5
2016-08-13 10:15:00,1087577.0
2016-08-14 08:00:00,1963454.5
2016-08-15 05:45:00,11394485.5
2016-08-16 03:30:00,11998890
2016-08-17 01:15:00,4698660.5
2016-08-17 23:00:00,4746626.0
2016-08-18 20:45:00,6925267.5
2016-08-19 18:30:00,6015456.0
2016-08-20 16:15:00,3361344.0
2016-08-21 14:00:00,1503852.0
2016-08-22 11:45:00,2062598.0
2016-08-23 09:30:00,3026287.5
2016-08-24 07:15:00,2327580.0
2016-08-25 05:00:00,1719073.0
2016-08-26 02:45:00,2065670.0
2016-08-27 00:30:00,3059354.5
2016-08-27 22:15:00,2038869.5
2016-08-28 20:00:00,3059714.5
2016-08-29 17:45:00,4355546.0
2016-08-30 15:30:00,4838646.0
2016-08-31 13:15:00,2058093.0
2016-09-01 11:00:00,3427569.0
2016-09-02 08:45:00,3571333.5
2016-09-03 06:30:00,3259458.5
2016-09-04 04:15:00,1734519.5
2016-09-05 02:00:00,2205373.5
2016-09-05 23:45:00,1696874.0
2016-09-06 21:30:00,1704931.0
2016-09-07 19:15:00,3624625.5
2016-09-08 17:00:00,5359566.5
2016-09-09 14:45:00,1843339.5
2016-09-10 12:30:00,2124258.5
2016-09-11 10:15:00,1997215.5
2016-09-12 08:00:00,1128606.0
2016-09-13 05:45:00,4681317.5
2016-09-14 03:30:00,2166700.5
2016-09-15 01:15:00,2366065.5
2016-09-15 23:00:00,3891568.0
2016-09-16 20:45:00,8596292.0
2016-09-17 18:30:00,11685302.5
2016-09-18 16:15:00,3684092.0
2016-09-19 14:00:00,3386380.5
2016-09-20 11:45:00,3340645.0
2016-09-21 09:30:00,2279907.0
2016-09-22 07:15:00,2277621.5
2016-09-23 05:00:00,1546110.5
2016-09-24 02:45:00,3804413.0
2016-09-25 00:30:00,1049956.5
2016-09-25 22:15:00,1832529.5
2016-09-26 20:00:00,3055877.5
2016-09-27 17:45:00,6555895.5
2016-09-28 15:30:00,2662515.5
2016-09-29 13:15:00,2401152.5
2016-09-30 11:00:00,2707408.5
2016-10-01 08:45:00,1829646.5
2016-10-02 06:30:00,2433794.5
2016-10-03 04:15:00,2722216.0
2016-10-04 02:00:00,3424063.0
2016-10-04 23:45:00,2749562.0
2016-10-05 21:30:00,3541273.5
2016-10-06 19:15:00,3085960.0
2016-10-07 17:00:00,2985545.5
2016-10-08 14:45:00,1547973.5
2016-10-09 12:30:00,2114782.5
2016-10-10 10:15:00,2597099.0
2016-10-11 08:00:00,4017238.5
2016-10-12 05:45:00,4792719.5
2016-10-13 03:30:00,2754782.0
2016-10-14 01:15:00,5440559.5
2016-10-14 23:00:00,7898576.5
2016-10-15 20:45:00,6008996.0
2016-10-16 18:30:00,2231145.0
2016-10-17 16:15:00,9899292.5
2016-10-18 14:00:00,7846839.0
2016-10-19 11:45:00,2259147.0
2016-10-20 09:30:00,9350484.0
2016-10-21 07:15:00,2603975.0
2016-10-22 05:00:00,1432447.5
2016-10-23 02:45:00,2082665.0
2016-10-24 00:30:00,3566718.0
2016-10-24 22:15:00,10090501
2016-10-25 20:00:00,15839777
2016-10-26 17:45:00,26716712
2016-10-27 15:30:00,19417528
2016-10-28 13:15:00,3125085.0
2016-10-29 11:00:00,4110247.0
2016-10-30 08:45:00,2205152.0
2016-10-31 06:30:00,2472962.5
2016-11-01 04:15:00,2877780.5
2016-11-02 02:00:00,8773692.0
2016-11-02 23:45:00,4645824.0
2016-11-03 21:30:00,5155416.0
2016-11-04 19:15:00,11220609.5
2016-11-05 17:00:00,7759255.0
2016-11-06 14:45:00,1805620.0
2016-11-07 12:30:00,8179773.0
2016-11-08 10:15:00,2600018.0
2016-11-09 08:00:00,6075537.5
2016-11-10 05:45:00,3729057.5
2016-11-11 03:30:00,1655593.0
2016-11-12 01:15:00,3587211.5
2016-11-12 23:00:00,2168422.0
2016-11-13 20:45:00,2492284.5
2016-11-14 18:30:00,3051350.5
2016-11-15 16:15:00,3485402.5
2016-11-16 14:00:00,2637728.0
2016-11-17 11:45:00,2978346.5
2016-11-18 09:30:00,2849128.0
2016-11-19 07:15:00,3066720.0
2016-11-20 05:00:00,3939372.5
2016-11-21 02:45:00,8033484.0
2016-11-22 00:30:00,21835836.5
2016-11-22 22:15:00,36360557
2016-11-23 20:00:00,43152328.5
2016-11-24 17:45:00,35855916
2016-11-25 15:30:00,28187705.5
2016-11-26 13:15:00,12915330.5
2016-11-27 11:00:00,4664076.0
2016-11-28 08:45:00,2291811.0
2016-11-29 06:30:00,4717542.5
2016-11-30 04:15:00,2513424.5
2016-12-01 02:00:00,3837350.0
2016-12-01 23:45:00,29543409.5
2016-12-02 21:30:00,25468222.5
2016-12-03 19:15:00,3801967.0
2016-12-04 17:00:00,8464159.5
2016-12-05 14:45:00,3548258.0
2016-12-06 12:30:00,14494339.5
2016-12-07 10:15:00,2728721.0
2016-12-08 08:00:00,3935154.0
2016-12-09 05:45:00,3932286.5
2016-12-10 03:30:00,4243525.0
2016-12-11 01:15:00,3179673.0
2016-12-11 23:00:00,3000992.5
2016-12-12 20:45:00,9143000.5
2016-12-13 18:30:00,10395875.5
2016-12-14 16:15:00,6094387.5
2016-12-15 14:00:00,13138821.5
2016-12-16 11:45:00,11994595
2016-12-17 09:30:00,11127099
2016-12-18 07:15:00,9824289.5
2016-12-19 05:00:00,6469149.0
2016-12-20 02:45:00,12360889
2016-12-21 00:30:00,12120621.5
2016-12-21 22:15:00,11437933.5
2016-12-22 20:00:00,6178418.0
2016-12-23 17:45:00,15912520
2016-12-24 15:30:00,14304743
2016-12-25 13:15:00,2686684.0
2016-12-26 11:00:00,5343929.5
2016-12-27 08:45:00,6046522.0
2016-12-28 06:30:00,2797131.0
2016-12-29 04:15:00,3205852.5
2016-12-30 02:00:00,4630929.0
2016-12-30 23:45:00,3271426.0
2016-12-31 21:30:00,3608039.5
2017-01-01 19:15:00,2343554.0
2017-01-02 17:00:00,9686652.5
2017-01-03 14:45:00,5051127.0
2017-01-04 12:30:00,11377331.5
2017-01-05 10:15:00,10418642
2017-01-06 08:00:00,20000073.5
2017-01-07 05:45:00,15604944
2017-01-08 03:30:00,11422530
2017-01-09 01:15:00,6098787.5
2017-01-09 23:00:00,17375253
2017-01-10 20:45:00,13674524
2017-01-11 18:30:00,13808675.5
2017-01-12 16:15:00,8258864.0
2017-01-13 14:00:00,5450209.5
2017-01-14 11:45:00,2469363.0
2017-01-15 09:30:00,2178408.0
2017-01-16 07:15:00,3706882.0
2017-01-17 05:00:00,2015986.5
2017-01-18 02:45:00,1935010.5
2017-01-19 00:30:00,3568988.5
2017-01-19 22:15:00,2728469.0
2017-01-20 20:00:00,2957196.5
2017-01-21 17:45:00,4721470.5
2017-01-22 15:30:00,3239811.0
2017-01-23 13:15:00,5860313.0
2017-01-24 11:00:00,28905351.5
2017-01-25 08:45:00,30395022.5
2017-01-26 06:30:00,9309362.5
2017-01-27 04:15:00,4042825.5
2017-01-28 02:00:00,2418327.0
2017-01-28 23:45:00,7813926.0
2017-01-29 21:30:00,1587492.0
2017-01-30 19:15:00,27003879.5
2017-01-31 17:00:00,30713482.5
2017-02-01 14:45:00,16310429
2017-02-02 12:30:00,10076481.5
2017-02-03 10:15:00,36862637
2017-02-04 08:00:00,18325728
2017-02-05 05:45:00,14397574.5
2017-02-06 03:30:00,16144469.5
2017-02-07 01:15:00,47173488
2017-02-07 23:00:00,41298775
2017-02-08 20:45:00,41992742
2017-02-09 18:30:00,34845317.5
2017-02-10 16:15:00,29332800.5
2017-02-11 14:00:00,15071404.5
2017-02-12 11:45:00,6538106.0
2017-02-13 09:30:00,9821481.5
2017-02-14 07:15:00,2418219.0
2017-02-15 05:00:00,9967476.0
2017-02-16 02:45:00,13784376.5
2017-02-17 00:30:00,20507074
2017-02-17 22:15:00,25554576.5
2017-02-18 20:00:00,16967837.5
2017-02-19 17:45:00,16132853.5
2017-02-20 15:30:00,20947779
2017-02-21 13:15:00,35968026
2017-02-22 11:00:00,55923088
2017-02-23 08:45:00,56914142
2017-02-24 06:30:00,57048224.5
2017-02-25 04:15:00,45025727
2017-02-26 02:00:00,23912459.5
2017-02-26 23:45:00,8063146.5
2017-02-27 21:30:00,31133153.5
2017-02-28 19:15:00,44850843.5
2017-03-01 17:00:00,51456488
2017-03-02 14:45:00,50348240
2017-03-03 12:30:00,64467058
2017-03-04 10:15:00,56871847
2017-03-05 08:00:00,47642425
2017-03-06 05:45:00,48651898
2017-03-07 03:30:00,57625022.5
2017-03-08 01:15:00,57460902.5
2017-03-08 23:00:00,58715832
2017-03-09 20:45:00,53260061
2017-03-10 18:30:00,50570967
2017-03-11 16:15:00,64634863
2017-03-12 14:00:00,29983366
2017-03-13 11:45:00,16050090.5
2017-03-14 09:30:00,19600058
2017-03-15 07:15:00,24569438
2017-03-16 05:00:00,28773717
2017-03-17 02:45:00,25467043
2017-03-18 00:30:00,29879069.5
2017-03-18 22:15:00,18421324.5
2017-03-19 20:00:00,2726148.5
2017-03-20 17:45:00,8521421.0
2017-03-21 15:30:00,6234671.5
2017-03-22 13:15:00,9817595.0
2017-03-23 11:00:00,4385709.0
2017-03-24 08:45:00,3012914.5
2017-03-25 06:30:00,3873104.5
2017-03-26 04:15:00,783195.5
2017-03-27 02:00:00,3545484.0
2017-03-27 23:45:00,18683998
2017-03-28 21:30:00,14475980
2017-03-29 19:15:00,17960581
2017-03-30 17:00:00,7924789.5
2017-03-31 14:45:00,6675717.5
2017-04-01 12:30:00,13255014
2017-04-02 10:15:00,681899.5
2017-04-03 08:00:00,622934.5
2017-04-04 05:45:00,11222903
2017-04-05 03:30:00,20771186.5
2017-04-06 01:15:00,11836130
2017-04-06 23:00:00,12652441.5
2017-04-07 20:45:00,45973557.5
2017-04-08 18:30:00,19542394
2017-04-09 16:15:00,825373.0
2017-04-10 14:00:00,8113220.5
2017-04-11 11:45:00,7106150.0
2017-04-12 09:30:00,9158156.0
2017-04-13 07:15:00,24079670
2017-04-14 05:00:00,42708711.5
2017-04-15 02:45:00,28973533
2017-04-16 00:30:00,10219689.5
2017-04-16 22:15:00,778818.5
2017-04-17 20:00:00,13750634.5
2017-04-18 17:45:00,18865599
2017-04-19 15:30:00,20067910.5
2017-04-20 13:15:00,27158469
2017-04-21 11:00:00,21480957.5
2017-04-22 08:45:00,15480124
2017-04-23 06:30:00,18344958
2017-04-24 04:15:00,5513878.5
2017-04-25 02:00:00,34104854
2017-04-25 23:45:00,32662070.5
2017-04-26 21:30:00,35065692
2017-04-27 19:15:00,41536774
2017-04-28 17:00:00,48002680
2017-04-29 14:45:00,23268409
2017-04-30 12:30:00,10409984.5
2017-05-01 10:15:00,11376345
2017-05-02 08:00:00,22149175
2017-05-03 05:45:00,34243182.5
2017-05-04 03:30:00,55170178.5
2017-05-05 01:15:00,62035919
2017-05-05 23:00:00,97562330
2017-05-06 20:45:00,67012759
2017-05-07 18:30:00,53822746.5
2017-05-08 16:15:00,47117100
2017-05-09 14:00:00,56713359.5
2017-05-10 11:45:00,91854323
2017-05-11 09:30:00,99688609.5
2017-05-12 07:15:00,114171813
2017-05-13 05:00:00,91186372
2017-05-14 02:45:00,101873807
2017-05-15 00:30:00,86868232.5
2017-05-15 22:15:00,102671027
2017-05-16 20:00:00,101809886
2017-05-17 17:45:00,105481155
2017-05-18 15:30:00,100289637.5
2017-05-19 13:15:00,90576860
2017-05-20 11:00:00,91437080.5
2017-05-21 08:45:00,91168003
2017-05-22 06:30:00,105180835
2017-05-23 04:15:00,105684600
2017-05-24 02:00:00,107585426
2017-05-24 23:45:00,103859983
2017-05-25 21:30:00,108496130
2017-05-26 19:15:00,110089658
2017-05-27 17:00:00,106151289
2017-05-28 14:45:00,97536405
2017-05-29 12:30:00,91655644
2017-05-30 10:15:00,97810537
2017-05-31 08:00:00,99728732
2017-06-01 05:45:00,95160141
2017-06-02 03:30:00,101156506
2017-06-03 01:15:00,102394183.5
2017-06-03 23:00:00,92868531.5
2017-06-04 20:45:00,77995956
2017-06-05 18:30:00,66720424
2017-06-06 16:15:00,73987373
2017-06-07 14:00:00,66107249
2017-06-08 11:45:00,57490756
2017-06-09 09:30:00,51461774.5
2017-06-10 07:15:00,54136360.5
2017-06-11 05:00:00,53892172
2017-06-12 02:45:00,40733499.5
2017-06-13 00:30:00,51967233.5
2017-06-13 22:15:00,60803380
2017-06-14 20:00:00,65868094.5
2017-06-15 17:45:00,54858403.5
2017-06-16 15:30:00,45119356.5
2017-06-17 13:15:00,34443529.5
2017-06-18 11:00:00,27153925.5
2017-06-19 08:45:00,16549079.5
2017-06-20 06:30:00,10903024
2017-06-21 04:15:00,26777216.5
2017-06-22 02:00:00,26900292
2017-06-22 23:45:00,24098810
2017-06-23 21:30:00,13368046
2017-06-24 19:15:00,20583868.5
2017-06-25 17:00:00,12790907.5
2017-06-26 14:45:00,18070348.5
2017-06-27 12:30:00,16697062
2017-06-28 10:15:00,13419756.5
2017-06-29 08:00:00,15991896.5
2017-06-30 05:45:00,22509881
2017-07-01 03:30:00,10146317.5
2017-07-02 01:15:00,6500327.0
2017-07-02 23:00:00,4850738.0
2017-07-03 20:45:00,5259847.5
2017-07-04 18:30:00,16270603
2017-07-05 16:15:00,10742072.5
2017-07-06 14:00:00,19134054.5
2017-07-07 11:45:00,12592296
2017-07-08 09:30:00,8001791.5
2017-07-09 07:15:00,2211721.5
2017-07-10 05:00:00,2403316.0
2017-07-11 02:45:00,26100828.5
2017-07-12 00:30:00,19598899
2017-07-12 22:15:00,32508946
2017-07-13 20:00:00,37296399
2017-07-14 17:45:00,38281562
2017-07-15 15:30:00,37189818.5
2017-07-16 13:15:00,27507957.5
2017-07-17 11:00:00,25661653.5
2017-07-18 08:45:00,25099450.5
2017-07-19 06:30:00,34109450.5
2017-07-20 04:15:00,23806683.5
2017-07-21 02:00:00,43648271.5
2017-07-21 23:45:00,31315386
2017-07-22 21:30:00,12726171
2017-07-23 19:15:00,13863257
2017-07-24 17:00:00,1429111.5
2017-07-25 14:45:00,12113940
2017-07-26 12:30:00,21318808
2017-07-27 10:15:00,6370807.5
2017-07-28 08:00:00,4701108.5
2017-07-29 05:45:00,2091545.0
2017-07-30 03:30:00,475664.0
2017-07-31 01:15:00,8579498.5
2017-07-31 23:00:00,10733433.5
2017-08-01 20:45:00,10170999
2017-08-02 18:30:00,11860801
2017-08-03 16:15:00,8898659.5
2017-08-04 14:00:00,16924198
2017-08-05 11:45:00,6047331.0
2017-08-06 09:30:00,1200779.5
2017-08-07 07:15:00,17582586
2017-08-08 05:00:00,41682281
2017-08-09 02:45:00,46030418.5
2017-08-10 00:30:00,48590568
2017-08-10 22:15:00,52964515.5
2017-08-11 20:00:00,56804242
2017-08-12 17:45:00,17680595
2017-08-13 15:30:00,30702691
2017-08-14 13:15:00,40593422.5
2017-08-15 11:00:00,43104081.5
2017-08-16 08:45:00,60059069.5
2017-08-17 06:30:00,43771583.5
2017-08-18 04:15:00,43702454.5
2017-08-19 02:00:00,45723869.5
2017-08-19 23:45:00,48699054.5
2017-08-20 21:30:00,44763006
2017-08-21 19:15:00,72708381.5
2017-08-22 17:00:00,96151836
2017-08-23 14:45:00,86987593.5
2017-08-24 12:30:00,78266459
2017-08-25 10:15:00,94996096
2017-08-26 08:00:00,101997343
2017-08-27 05:45:00,74374692.5
2017-08-28 03:30:00,56466330.5
2017-08-29 01:15:00,70124907.5
2017-08-29 23:00:00,13431883.5
2017-08-30 20:45:00,30497187
2017-08-31 18:30:00,8476058.0
2017-09-01 16:15:00,26708174
2017-09-02 14:00:00,12261403
2017-09-03 11:45:00,4373327.0
2017-09-04 09:30:00,5257826.5
2017-09-05 07:15:00,5509416.5
2017-09-06 05:00:00,4488476.0
2017-09-07 02:45:00,6240096.0
2017-09-08 00:30:00,14102475
2017-09-08 22:15:00,10312374.5
2017-09-09 20:00:00,5905448.0
2017-09-10 17:45:00,11783357
2017-09-11 15:30:00,10934480.5
2017-09-12 13:15:00,4614791.0
2017-09-13 11:00:00,6248312.0
2017-09-14 08:45:00,4565330.0
2017-09-15 06:30:00,4054250.0
2017-09-16 04:15:00,4322283.0
2017-09-17 02:00:00,4039451.5
2017-09-17 23:45:00,4091247.5
2017-09-18 21:30:00,26517850.5
2017-09-19 19:15:00,18223134.5
2017-09-20 17:00:00,16341464.5
2017-09-21 14:45:00,11625339
2017-09-22 12:30:00,6296026.0
2017-09-23 10:15:00,4218804.5
2017-09-24 08:00:00,4533409.0
2017-09-25 05:45:00,4359586.0
2017-09-26 03:30:00,11602139.5
2017-09-27 01:15:00,3887826.0
2017-09-27 23:00:00,5797497.0
2017-09-28 20:45:00,11093984
2017-09-29 18:30:00,2342823.5
2017-09-30 16:15:00,13450742
2017-10-01 14:00:00,4252080.0
2017-10-02 11:45:00,13475781.5
2017-10-03 09:30:00,5553309.0
2017-10-04 07:15:00,4090233.0
2017-10-05 05:00:00,9280999.0
2017-10-06 02:45:00,7918769.0
2017-10-07 00:30:00,5734262.0
2017-10-07 22:15:00,6552921.5
2017-10-08 20:00:00,8177838.5
2017-10-09 17:45:00,9968154.5
2017-10-10 15:30:00,11273898
2017-10-11 13:15:00,18966153.5
2017-10-12 11:00:00,8396408.5
2017-10-13 08:45:00,40398547
2017-10-14 06:30:00,29255828.5
2017-10-15 04:15:00,8510562.5
2017-10-16 02:00:00,5159487.5
2017-10-16 23:45:00,14765915
2017-10-17 21:30:00,14713321
2017-10-18 19:15:00,27234648
2017-10-19 17:00:00,32331823
2017-10-20 14:45:00,23175974
2017-10-21 12:30:00,35613486.5
2017-10-22 10:15:00,38413307
2017-10-23 08:00:00,34569632
2017-10-24 05:45:00,38584878.5
2017-10-25 03:30:00,32697780
2017-10-26 01:15:00,970.0
2017-10-26 23:00:00,17431642
2017-10-27 20:45:00,36592411.5
2017-10-28 18:30:00,45300952
2017-10-29 16:15:00,19153416.5
2017-10-30 14:00:00,25975752
2017-10-31 11:45:00,22146799.5
2017-11-01 09:30:00,43812178
2017-11-02 07:15:00,45622107.5
2017-11-03 05:00:00,51549771.5
2017-11-04 02:45:00,68779461
2017-11-05 00:30:00,47120632
2017-11-05 22:15:00,46135650
2017-11-06 20:00:00,51898056
2017-11-07 17:45:00,45634759
2017-11-08 15:30:00,48640232
2017-11-09 13:15:00,62126623.5
2017-11-10 11:00:00,67509374.5
2017-11-11 08:45:00,104029025.5
2017-11-12 06:30:00,103273546
2017-11-13 04:15:00,82723887
2017-11-14 02:00:00,108258134
2017-11-14 23:45:00,106580718
2017-11-15 21:30:00,104566450.5
2017-11-16 19:15:00,99669789.5
2017-11-17 17:00:00,93406296.5
2017-11-18 14:45:00,92777607
2017-11-19 12:30:00,61124224.5
2017-11-20 10:15:00,61319584
2017-11-21 08:00:00,65400892
2017-11-22 05:45:00,59896511
2017-11-23 03:30:00,76676186
2017-11-24 01:15:00,66447022.5
2017-11-24 23:00:00,73681169.5
2017-11-25 20:45:00,56032126
2017-11-26 18:30:00,65342459
2017-11-27 16:15:00,53844976
2017-11-28 14:00:00,79782970.5
2017-11-29 11:45:00,85377473
2017-11-30 09:30:00,101542332
2017-12-01 07:15:00,98779639.5
2017-12-02 05:00:00,87148893
2017-12-03 02:45:00,82702953
2017-12-04 00:30:00,76389991
2017-12-04 22:15:00,89094629.5
2017-12-05 20:00:00,91736922
2017-12-06 17:45:00,107330297.5
2017-12-07 15:30:00,96484314.5
2017-12-08 13:15:00,85836007
2017-12-09 11:00:00,75480506
2017-12-10 08:45:00,68845841
2017-12-11 06:30:00,114114599
2017-12-12 04:15:00,123482998
2017-12-13 02:00:00,114909361.5
2017-12-13 23:45:00,117622520.5
2017-12-14 21:30:00,113648217.5
2017-12-15 19:15:00,107290138
2017-12-16 17:00:00,101997778
2017-12-17 14:45:00,119964566
2017-12-18 12:30:00,108976227
2017-12-19 10:15:00,108082710
2017-12-20 08:00:00,104408877
2017-12-21 05:45:00,109128694.5
2017-12-22 03:30:00,102134792
2017-12-23 01:15:00,112246502.5
2017-12-23 23:00:00,122872852
2017-12-24 20:45:00,116846388
2017-12-25 18:30:00,122190776
2017-12-26 16:15:00,115620966
2017-12-27 14:00:00,116139176.5
2017-12-28 11:45:00,107452376.5
2017-12-29 09:30:00,114218451.5
2017-12-30 07:15:00,109077938
2017-12-31 05:00:00,96917930
2018-01-01 02:45:00,105751299.5
2018-01-02 00:30:00,125003260.5
2018-01-02 22:15:00,117790054
2018-01-03 20:00:00,113395599
2018-01-04 17:45:00,116455261.5
2018-01-05 15:30:00,105764381
2018-01-06 13:15:00,106386515
2018-01-07 11:00:00,109447644.5
2018-01-08 08:45:00,108619604
2018-01-09 06:30:00,132066905.5
2018-01-10 04:15:00,134017860
2018-01-11 02:00:00,133599020
2018-01-11 23:45:00,140265557
2018-01-12 21:30:00,129377054.5
2018-01-13 19:15:00,129657314
2018-01-14 17:00:00,124848973
2018-01-15 14:45:00,122994200.5
2018-01-16 12:30:00,48728033.5
2018-01-17 10:15:00,116442748
2018-01-18 08:00:00,106169179.5
2018-01-19 05:45:00,114303534.5
2018-01-20 03:30:00,99255676.5
2018-01-21 01:15:00,101622307
2018-01-21 23:00:00,122935561.5
2018-01-22 20:45:00,123413199
2018-01-23 18:30:00,134995557.5
2018-01-24 16:15:00,113548442.5
2018-01-25 14:00:00,113162533.5
2018-01-26 11:45:00,99263266.5
2018-01-27 09:30:00,72050667
2018-01-28 07:15:00,87548114.5
2018-01-29 05:00:00,54012932
2018-01-30 02:45:00,47797281
2018-01-31 00:30:00,44681079
2018-01-31 22:15:00,59123054
2018-02-01 20:00:00,49637856
2018-02-02 17:45:00,63302420.5
2018-02-03 15:30:00,41722634
2018-02-04 13:15:00,41259448.5
2018-02-05 11:00:00,16223878.5
2018-02-06 08:45:00,21740338
2018-02-07 06:30:00,27749714
2018-02-08 04:15:00,21072378
2018-02-09 02:00:00,23195491.5
2018-02-09 23:45:00,34800199.5
2018-02-10 21:30:00,29859258
2018-02-11 19:15:00,28122919
2018-02-12 17:00:00,24475213.5
2018-02-13 14:45:00,31069688
2018-02-14 12:30:00,56941826.5
2018-02-15 10:15:00,7839552.0
2018-02-16 08:00:00,7166741.5
2018-02-17 05:45:00,30042554.5
2018-02-18 03:30:00,39293850
2018-02-19 01:15:00,35169861.5
2018-02-19 23:00:00,23526674
2018-02-20 20:45:00,4809686.5
2018-02-21 18:30:00,29982247
2018-02-22 16:15:00,3569330.0
2018-02-23 14:00:00,8802835.5
2018-02-24 11:45:00,74222061
2018-02-25 09:30:00,872607.5
2018-02-26 07:15:00,17678694
2018-02-27 05:00:00,88038357
2018-02-28 02:45:00,35214630
2018-03-01 00:30:00,52085573
2018-03-01 22:15:00,8063703.5
2018-03-02 20:00:00,17171870.5
2018-03-03 17:45:00,36357857
2018-03-04 15:30:00,31078709
2018-03-05 13:15:00,30102144.5
2018-03-06 11:00:00,3196774.5
2018-03-07 08:45:00,19816727
2018-03-08 06:30:00,20362083
2018-03-09 04:15:00,14256244.5
2018-03-10 02:00:00,12672678
2018-03-10 23:45:00,11919726
2018-03-11 21:30:00,3971182.5
2018-03-12 19:15:00,1689202.5
2018-03-13 17:00:00,8331868.5
2018-03-14 14:45:00,1665524.5
2018-03-15 12:30:00,1238073.0
2018-03-16 10:15:00,684626.0
2018-03-17 08:00:00,151772.0
2018-03-18 05:45:00,303090.0
2018-03-19 03:30:00,1501480.0
2018-03-20 01:15:00,234053.5
2018-03-20 23:00:00,787569.5
2018-03-21 20:45:00,234168.5
2018-03-22 18:30:00,2881327.0
2018-03-23 16:15:00,560249.0
2018-03-24 14:00:00,325832.0
2018-03-25 11:45:00,134233.0
2018-03-26 09:30:00,1116080.5
2018-03-27 07:15:00,524830.0
2018-03-28 05:00:00,369057.5
2018-03-29 02:45:00,835194.5
2018-03-30 00:30:00,529694.5
2018-03-30 22:15:00,354851.5
2018-03-31 20:00:00,881640.5
2018-04-01 17:45:00,195315.0
2018-04-02 15:30:00,386420.0
2018-04-03 13:15:00,2925106.0
2018-04-04 11:00:00,1626298.0
2018-04-05 08:45:00,1804343.5
2018-04-06 06:30:00,385483.5
2018-04-07 04:15:00,254053.5
2018-04-08 02:00:00,684556.5
2018-04-08 23:45:00,391449.5
2018-04-09 21:30:00,467034.0
2018-04-10 19:15:00,224092.5
2018-04-11 17:00:00,1567025.0
2018-04-12 14:45:00,12022896
2018-04-13 12:30:00,693074.0
2018-04-14 10:15:00,9536909.0
2018-04-15 08:00:00,3109803.0
2018-04-16 05:45:00,304749.5
2018-04-17 03:30:00,358664.5
2018-04-18 01:15:00,740971.0
2018-04-18 23:00:00,1409068.0
2018-04-19 20:45:00,251413.5
2018-04-20 18:30:00,578742.5
2018-04-21 16:15:00,6829827.5
2018-04-22 14:00:00,731697.0
2018-04-23 11:45:00,397276.0
2018-04-24 09:30:00,2360848.0
2018-04-25 07:15:00,4376369.0
2018-04-26 05:00:00,150615.5
2018-04-27 02:45:00,1587674.0
2018-04-28 00:30:00,10726234
2018-04-28 22:15:00,316818.5
2018-04-29 20:00:00,3444388.0
2018-04-30 17:45:00,2258099.0
2018-05-01 15:30:00,389375.5
2018-05-02 13:15:00,3270297.0
2018-05-03 11:00:00,2348276.0
2018-05-04 08:45:00,3120968.5
2018-05-05 06:30:00,382509.0
2018-05-06 04:15:00,676533.5
2018-05-07 02:00:00,900635.0
2018-05-07 23:45:00,346686.5
2018-05-08 21:30:00,2426103.0
2018-05-09 19:15:00,716683.5
2018-05-10 17:00:00,1554252.5
2018-05-11 14:45:00,16417434.5
2018-05-12 12:30:00,343176.5
2018-05-13 10:15:00,1251976.5
2018-05-14 08:00:00,1114966.5
2018-05-15 05:45:00,321959.5
2018-05-16 03:30:00,439345.0
2018-05-17 01:15:00,110832.5
2018-05-17 23:00:00,10190627.5
2018-05-18 20:45:00,661985.0
2018-05-19 18:30:00,1216242.0
2018-05-20 16:15:00,453527.0
2018-05-21 14:00:00,4459999.5
2018-05-22 11:45:00,440316.5
2018-05-23 09:30:00,576609.0
2018-05-24 07:15:00,500541.0
2018-05-25 05:00:00,820093.0
2018-05-26 02:45:00,207633.5
2018-05-27 00:30:00,164898.5
2018-05-27 22:15:00,223501.5
2018-05-28 20:00:00,3684648.0
2018-05-29 17:45:00,5363215.5
2018-05-30 15:30:00,801692.0
2018-05-31 13:15:00,2353586.5
2018-06-01 11:00:00,4199757.5
2018-06-02 08:45:00,1473730.0
2018-06-03 06:30:00,458549.0
2018-06-04 04:15:00,48027631.5
2018-06-05 02:00:00,647860.5
2018-06-05 23:45:00,10150879.5
2018-06-06 21:30:00,35819747
2018-06-07 19:15:00,33859318.5
2018-06-08 17:00:00,271853.5
2018-06-09 14:45:00,477189.0
2018-06-10 12:30:00,1162170.0
2018-06-11 10:15:00,1818232.0
2018-06-12 08:00:00,9755458.0
2018-06-13 05:45:00,508461.0
2018-06-14 03:30:00,281457.5
2018-06-15 01:15:00,4687641.0
2018-06-15 23:00:00,297468.0
2018-06-16 20:45:00,344233.5
2018-06-17 18:30:00,1214437.0
2018-06-18 16:15:00,2695356.5
2018-06-19 14:00:00,3100508.5
2018-06-20 11:45:00,23674197
2018-06-21 09:30:00,412606.5
2018-06-22 07:15:00,300877.0
2018-06-23 05:00:00,309585.5
2018-06-24 02:45:00,176027.5
2018-06-25 00:30:00,157923.5
2018-06-25 22:15:00,4973034.5
2018-06-26 20:00:00,20634393.5
2018-06-27 17:45:00,19707920
2018-06-28 15:30:00,363192.5
2018-06-29 13:15:00,420669.0
2018-06-30 11:00:00,4978803.5
2018-07-01 08:45:00,981392.0
2018-07-02 06:30:00,309896.5
2018-07-03 04:15:00,17446408
2018-07-04 02:00:00,15610134.5
2018-07-04 23:45:00,1094476.0
2018-07-05 21:30:00,503870.5
2018-07-06 19:15:00,568127.0
2018-07-07 17:00:00,540378.5
2018-07-08 14:45:00,180047.5
2018-07-09 12:30:00,10048894.5
2018-07-10 10:15:00,2204123.0
2018-07-11 08:00:00,1949574.0
2018-07-12 05:45:00,30127682.5
2018-07-13 03:30:00,36999404.5
2018-07-14 01:15:00,44809523.5
2018-07-14 23:00:00,16904165
2018-07-15 20:45:00,1187042.5
2018-07-16 18:30:00,4506607.5
2018-07-17 16:15:00,4912574.5
2018-07-18 14:00:00,14154683.5
2018-07-19 11:45:00,1153070.5
2018-07-20 09:30:00,1394410.5
2018-07-21 07:15:00,324902.5
2018-07-22 05:00:00,210329.0
2018-07-23 02:45:00,399700.0
2018-07-24 00:30:00,3837209.0
2018-07-24 22:15:00,6166001.5
2018-07-25 20:00:00,8718945.0
2018-07-26 17:45:00,2278423.0
2018-07-27 15:30:00,3382702.5
2018-07-28 13:15:00,4127920.5
2018-07-29 11:00:00,695254.0
2018-07-30 08:45:00,560902.0
2018-07-31 06:30:00,1265423.5
2018-08-01 04:15:00,984880.5
2018-08-02 02:00:00,555370.5
2018-08-02 23:45:00,138547.5
2018-08-03 21:30:00,989831.0
2018-08-04 19:15:00,250722.0
2018-08-05 17:00:00,1085587.5
2018-08-06 14:45:00,12621796.5
2018-08-07 12:30:00,10846627.5
2018-08-08 10:15:00,1126099.0
2018-08-09 08:00:00,1071992.5
2018-08-10 05:45:00,335070.5
2018-08-11 03:30:00,234045.0
2018-08-12 01:15:00,514236.5
2018-08-12 23:00:00,716519.5
2018-08-13 20:45:00,2352377.0
2018-08-14 18:30:00,2610432.0
2018-08-15 16:15:00,4311099.0
2018-08-16 14:00:00,5486246.0
2018-08-17 11:45:00,901147.0
2018-08-18 09:30:00,2674467.0
2018-08-19 07:15:00,682321.0
2018-08-20 05:00:00,597355.5
2018-08-21 02:45:00,273447.0
2018-08-22 00:30:00,759807.5
2018-08-22 22:15:00,612951.5
2018-08-23 20:00:00,497680.5
2018-08-24 17:45:00,1192012.5
2018-08-25 15:30:00,1365107.5
2018-08-26 13:15:00,3436709.5
2018-08-27 11:00:00,7481063.5
2018-08-28 08:45:00,6251474.0
2018-08-29 06:30:00,685008.5
2018-08-30 04:15:00,290421.0
2018-08-31 02:00:00,356461.0
2018-08-31 23:45:00,155241.5
2018-09-01 21:30:00,137382.0
2018-09-02 19:15:00,253606.5
2018-09-03 17:00:00,10643462.5
2018-09-04 14:45:00,5009834.5
2018-09-05 12:30:00,2699226.5
2018-09-06 10:15:00,1007927.5
2018-09-07 08:00:00,460865.5
2018-09-08 05:45:00,169740.5
2018-09-09 03:30:00,244465.0
2018-09-10 01:15:00,449689.5
2018-09-10 23:00:00,7854579.0
2018-09-11 20:45:00,8950087.5
2018-09-12 18:30:00,379149.0
2018-09-13 16:15:00,1112326.5
2018-09-14 14:00:00,20072841.5
2018-09-15 11:45:00,1864375.0
2018-09-16 09:30:00,255687.5
2018-09-17 07:15:00,225393.5
2018-09-18 05:00:00,1192341.5
2018-09-19 02:45:00,233490.5
2018-09-20 00:30:00,1138016.5
2018-09-20 22:15:00,2867320.0
2018-09-21 20:00:00,3229115.5
2018-09-22 17:45:00,441578.5
2018-09-23 15:30:00,300901.5
2018-09-24 13:15:00,263105.0
2018-09-25 11:00:00,326935.0
2018-09-26 08:45:00,323318.0
2018-09-27 06:30:00,269053.5
2018-09-28 04:15:00,390583.0
2018-09-29 02:00:00,1632964.5
2018-09-29 23:45:00,616413.0
2018-09-30 21:30:00,207180.5
2018-10-01 19:15:00,498004.0
2018-10-02 17:00:00,6834204.5
2018-10-03 14:45:00,4265046.5
2018-10-04 12:30:00,1669043.5
2018-10-05 10:15:00,9408956.0
2018-10-06 08:00:00,452763.0
2018-10-07 05:45:00,552383.5
2018-10-08 03:30:00,218182.5
2018-10-09 01:15:00,1435480.0
2018-10-09 23:00:00,322206.5
2018-10-10 20:45:00,2032308.5
2018-10-11 18:30:00,1519256.0
2018-10-12 16:15:00,11038783
2018-10-13 14:00:00,1993048.0
2018-10-14 11:45:00,335858.5
2018-10-15 09:30:00,1502069.5
2018-10-16 07:15:00,2052643.5
2018-10-17 05:00:00,537017.0
2018-10-18 02:45:00,854211.0
2018-10-19 00:30:00,3419614.0
2018-10-19 22:15:00,1016485.0
2018-10-20 20:00:00,2184186.0
2018-10-21 17:45:00,5307874.0
2018-10-22 15:30:00,8222492.0
2018-10-23 13:15:00,5767275.0
2018-10-24 11:00:00,3555816.0
2018-10-25 08:45:00,3442828.0
2018-10-26 06:30:00,1257385.0
2018-10-27 04:15:00,379727.5
2018-10-28 02:00:00,984047.5
2018-10-28 23:45:00,222268.5
2018-10-29 21:30:00,5780381.0
2018-10-30 19:15:00,1535387.0
2018-10-31 17:00:00,2532363.5
2018-11-01 14:45:00,2182911.0
2018-11-02 12:30:00,9042301.0
2018-11-03 10:15:00,425672.0
2018-11-04 08:00:00,736570.5
2018-11-05 05:45:00,1634453.0
2018-11-06 03:30:00,1355797.0
2018-11-07 01:15:00,8024481.5
2018-11-07 23:00:00,4543705.0
2018-11-08 20:45:00,7746900.0
2018-11-09 18:30:00,3110007.0
2018-11-10 16:15:00,8751247.0
2018-11-11 14:00:00,3059723.5
2018-11-12 11:45:00,2365490.5
2018-11-13 09:30:00,3226319.0
2018-11-14 07:15:00,394048.5
2018-11-15 05:00:00,3584329.5
2018-11-16 02:45:00,7881394.5
2018-11-17 00:30:00,1072742.0
2018-11-17 22:15:00,719359.5
2018-11-18 20:00:00,4218715.0
2018-11-19 17:45:00,21706598.5
2018-11-20 15:30:00,30690125.5
2018-11-21 13:15:00,22409945
2018-11-22 11:00:00,4640745.0
2018-11-23 08:45:00,1447560.5
2018-11-24 06:30:00,1473049.0
2018-11-25 04:15:00,1250517.5
2018-11-26 02:00:00,2611895.5
2018-11-26 23:45:00,577047.5
2018-11-27 21:30:00,4047061.0
2018-11-28 19:15:00,12776071
2018-11-29 17:00:00,12831092.5
2018-11-30 14:45:00,15715384.5
2018-12-01 12:30:00,1476711.5
2018-12-02 10:15:00,1458330.5
2018-12-03 08:00:00,1037012.0
2018-12-04 05:45:00,1174459.5
2018-12-05 03:30:00,347800.0
2018-12-06 01:15:00,2572838.0
2018-12-06 23:00:00,3289552.0
2018-12-07 20:45:00,5272053.5
2018-12-08 18:30:00,3254791.0
2018-12-09 16:15:00,564068.5
2018-12-10 14:00:00,11850458.5
2018-12-11 11:45:00,5975384.0
2018-12-12 09:30:00,1896941.5
2018-12-13 07:15:00,1041692.5
2018-12-14 05:00:00,3553837.5
2018-12-15 02:45:00,945157.5
2018-12-16 00:30:00,1793870.0
2018-12-16 22:15:00,2139925.0
2018-12-17 20:00:00,2431540.0
2018-12-18 17:45:00,11013724
2018-12-19 15:30:00,7686446.0
2018-12-20 13:15:00,9088504.0
2018-12-21 11:00:00,1862437.5
2018-12-22 08:45:00,336532.0
2018-12-23 06:30:00,324125.0
2018-12-24 04:15:00,472370.5
2018-12-25 02:00:00,257016.0
2018-12-25 23:45:00,1060135.0
2018-12-26 21:30:00,721898.0
2018-12-27 19:15:00,1680245.5
2018-12-28 17:00:00,2767813.0
2018-12-29 14:45:00,1738198.0
2018-12-30 12:30:00,731539.5
2018-12-31 10:15:00,1686245.0
2019-01-01 08:00:00,1207678.0
2019-01-02 05:45:00,1303528.5
2019-01-03 03:30:00,3383482.0
2019-01-04 01:15:00,386190.0
2019-01-04 23:00:00,571458.5
2019-01-05 20:45:00,1330440.0
2019-01-06 18:30:00,1491492.5
2019-01-07 16:15:00,3968182.0
2019-01-08 14:00:00,6361135.0
2019-01-09 11:45:00,572024.5
2019-01-10 09:30:00,3874472.5
2019-01-11 07:15:00,533033.5
2019-01-12 05:00:00,1250307.0
2019-01-13 02:45:00,697176.5
2019-01-14 00:30:00,585983.0
2019-01-14 22:15:00,1638888.0
2019-01-15 20:00:00,5570161.5
2019-01-16 17:45:00,4347665.0
2019-01-17 15:30:00,5879643.0
2019-01-18 13:15:00,3817899.5
2019-01-19 11:00:00,1130832.0
2019-01-20 08:45:00,802508.5
2019-01-21 06:30:00,1021409.5
2019-01-22 04:15:00,2135205.5
2019-01-23 02:00:00,1114836.0
2019-01-23 23:45:00,5417994.0
2019-01-24 21:30:00,702330.5
2019-01-25 19:15:00,4264760.5
2019-01-26 17:00:00,2300581.0
2019-01-27 14:45:00,1133768.5
2019-01-28 12:30:00,7643841.5
2019-01-29 10:15:00,1910133.5
2019-01-30 08:00:00,919571.5
2019-01-31 05:45:00,775772.5
2019-02-01 03:30:00,3034107.0
2019-02-02 01:15:00,599642.0
2019-02-02 23:00:00,431472.5
2019-02-03 20:45:00,1839750.0
2019-02-04 18:30:00,3355813.5
2019-02-05 16:15:00,3349652.0
2019-02-06 14:00:00,5595184.5
2019-02-07 11:45:00,2586757.5
2019-02-08 09:30:00,667126.0
2019-02-09 07:15:00,1639450.5
2019-02-10 05:00:00,2065495.0
2019-02-11 02:45:00,422660.5
2019-02-12 00:30:00,20980205.5
2019-02-12 22:15:00,14000508
2019-02-13 20:00:00,711298.5
2019-02-14 17:45:00,4430601.5
2019-02-15 15:30:00,16752964
2019-02-16 13:15:00,1184723.5
2019-02-17 11:00:00,5641805.0
2019-02-18 08:45:00,3009049.0
2019-02-19 06:30:00,575795.0
2019-02-20 04:15:00,6307286.0
2019-02-21 02:00:00,913327.5
2019-02-21 23:45:00,11684430
2019-02-22 21:30:00,895832.5
2019-02-23 19:15:00,4903341.0
2019-02-24 17:00:00,4377017.5
2019-02-25 14:45:00,7809436.0
2019-02-26 12:30:00,2073710.5
2019-02-27 10:15:00,4783072.5
2019-02-28 08:00:00,2660968.0
2019-03-01 05:45:00,2110582.0
2019-03-02 03:30:00,1903883.0
2019-03-03 01:15:00,767243.0
2019-03-03 23:00:00,592020.5
2019-03-04 20:45:00,5402021.0
2019-03-05 18:30:00,3838035.0
2019-03-06 16:15:00,13187610
2019-03-07 14:00:00,8836763.5
2019-03-08 11:45:00,4902733.0
2019-03-09 09:30:00,474643.0
2019-03-10 07:15:00,177858.0
2019-03-11 05:00:00,598109.5
2019-03-12 02:45:00,1896797.0
2019-03-13 00:30:00,5864874.0
2019-03-13 22:15:00,9859550.0
2019-03-14 20:00:00,295156.0
2019-03-15 17:45:00,3670353.5
2019-03-16 15:30:00,1359639.0
2019-03-17 13:15:00,3930274.0
2019-03-18 11:00:00,1303788.5
2019-03-19 08:45:00,950802.0
2019-03-20 06:30:00,1213155.5
2019-03-21 04:15:00,1229556.5
2019-03-22 02:00:00,532527.5
2019-03-22 23:45:00,471307.5
2019-03-23 21:30:00,697667.5
2019-03-24 19:15:00,517065.0
2019-03-25 17:00:00,1659716.0
2019-03-26 14:45:00,8515403.5
2019-03-27 12:30:00,10345312.5
2019-03-28 10:15:00,14194486
2019-03-29 08:00:00,11662800
2019-03-30 05:45:00,12098086.5
2019-03-31 03:30:00,16698345
2019-04-01 01:15:00,12772804.5
2019-04-01 23:00:00,30776613
2019-04-02 20:45:00,36920237.5
2019-04-03 18:30:00,48017189
2019-04-04 16:15:00,47023555.5
2019-04-05 14:00:00,19925420.5
2019-04-06 11:45:00,9795834.5
2019-04-07 09:30:00,814546.0
2019-04-08 07:15:00,4466106.5
2019-04-09 05:00:00,3325938.5
2019-04-10 02:45:00,4821671.5
2019-04-11 00:30:00,4100180.5
2019-04-11 22:15:00,2409687.5
2019-04-12 20:00:00,1980251.0
2019-04-13 17:45:00,2695770.5
2019-04-14 15:30:00,5127636.5
2019-04-15 13:15:00,3307600.5
2019-04-16 11:00:00,5932944.5
2019-04-17 08:45:00,8258830.0
2019-04-18 06:30:00,9669451.5
2019-04-19 04:15:00,10343877
2019-04-20 02:00:00,3024996.5
2019-04-20 23:45:00,17090802.5
2019-04-21 21:30:00,2127039.0
2019-04-22 19:15:00,13560639.5
2019-04-23 17:00:00,31397740.5
2019-04-24 14:45:00,24429862.5
2019-04-25 12:30:00,11605468.5
2019-04-26 10:15:00,10370096
2019-04-27 08:00:00,1996521.0
2019-04-28 05:45:00,2477969.0
2019-04-29 03:30:00,695440.5
2019-04-30 01:15:00,2933898.0
2019-04-30 23:00:00,11356022.5
2019-05-01 20:45:00,1808610.5
2019-05-02 18:30:00,1271866.5
2019-05-03 16:15:00,13018004.5
2019-05-04 14:00:00,4673333.5
2019-05-05 11:45:00,3344922.5
2019-05-06 09:30:00,2700754.0
2019-05-07 07:15:00,4946225.5
2019-05-08 05:00:00,10156676.5
2019-05-09 02:45:00,7173726.5
2019-05-10 00:30:00,5937376.0
2019-05-10 22:15:00,29173599.5
2019-05-11 20:00:00,26015661.5
2019-05-12 17:45:00,13770653
2019-05-13 15:30:00,5784308.5
2019-05-14 13:15:00,12564754
2019-05-15 11:00:00,22934949.5
2019-05-16 08:45:00,39847839.5
2019-05-17 06:30:00,36505483
2019-05-18 04:15:00,30205578.5
2019-05-19 02:00:00,5358729.5
2019-05-19 23:45:00,2023041.5
2019-05-20 21:30:00,11667396.5
2019-05-21 19:15:00,16285547
2019-05-22 17:00:00,11031398
2019-05-23 14:45:00,9674930.5
2019-05-24 12:30:00,10031496.5
2019-05-25 10:15:00,2660587.0
2019-05-26 08:00:00,1835089.0
2019-05-27 05:45:00,5814239.0
2019-05-28 03:30:00,5234852.0
2019-05-29 01:15:00,1339323.0
2019-05-29 23:00:00,471461.5
2019-05-30 20:45:00,15378182
2019-05-31 18:30:00,32915634
2019-06-01 16:15:00,17075445.5
2019-06-02 14:00:00,8486681.5
2019-06-03 11:45:00,13582598.5
2019-06-04 09:30:00,17781551
2019-06-05 07:15:00,3074973.0
2019-06-06 05:00:00,377606.5
2019-06-07 02:45:00,1464322.0
2019-06-08 00:30:00,2077888.0
2019-06-08 22:15:00,223028.0
2019-06-09 20:00:00,2972914.5
2019-06-10 17:45:00,8938846.0
2019-06-11 15:30:00,11154816.5
2019-06-12 13:15:00,13972086.5
2019-06-13 11:00:00,9775414.0
2019-06-14 08:45:00,13934863.5
2019-06-15 06:30:00,6052549.5
2019-06-16 04:15:00,1047497.5
2019-06-17 02:00:00,6510531.0
2019-06-17 23:45:00,21986097
2019-06-18 21:30:00,15465205.5
2019-06-19 19:15:00,4478414.5
2019-06-20 17:00:00,22346682
2019-06-21 14:45:00,31524790.5
2019-06-22 12:30:00,31384983.5
2019-06-23 10:15:00,2986242.5
2019-06-24 08:00:00,1847564.5
2019-06-25 05:45:00,5444213.5
2019-06-26 03:30:00,11410968
2019-06-27 01:15:00,38490485
2019-06-27 23:00:00,47684019.5
2019-06-28 20:45:00,36774002
2019-06-29 18:30:00,2891216.5
2019-06-30 16:15:00,1907950.5
2019-07-01 14:00:00,14205643
2019-07-02 11:45:00,12744614
2019-07-03 09:30:00,1669887.0
2019-07-04 07:15:00,1349323.0
2019-07-05 05:00:00,790726.0
2019-07-06 02:45:00,1268183.0
2019-07-07 00:30:00,634043.0
2019-07-07 22:15:00,1111174.0
2019-07-08 20:00:00,9632006.0
2019-07-09 17:45:00,14634444
2019-07-10 15:30:00,21065624
2019-07-11 13:15:00,29647869.5
2019-07-12 11:15:00,12978049.5
2019-07-13 09:00:00,1416583.5
2019-07-14 06:45:00,481327.0
2019-07-15 04:30:00,3168143.5
2019-07-16 02:15:00,1535968.5
2019-07-17 00:00:00,1753526.0
2019-07-17 21:45:00,36608859.5
2019-07-18 19:30:00,48132700.5
2019-07-19 17:15:00,48830542.5
2019-07-20 15:30:00,4021878.5
2019-07-21 13:15:00,7710791.0
2019-07-22 11:00:00,1862719.0
2019-07-23 08:45:00,3201987.0
2019-07-24 06:30:00,1957740.5
2019-07-25 04:15:00,6439104.0
2019-07-26 02:00:00,1022534.5
2019-07-26 23:45:00,375651.0
2019-07-27 21:30:00,622103.5
2019-07-28 19:15:00,830998.5
2019-07-29 17:00:00,291761.5
2019-07-30 14:45:00,11502125
2019-07-31 12:30:00,4381460.0
2019-08-01 10:15:00,321256.5
2019-08-02 08:00:00,1810167.0
2019-08-03 05:45:00,830314.0
2019-08-04 03:30:00,727643.0
2019-08-05 01:15:00,2152881.5
2019-08-05 23:00:00,6078517.0
2019-08-06 20:45:00,2981295.0
2019-08-07 18:30:00,12056964.5
2019-08-08 16:15:00,13838137
2019-08-09 14:00:00,9821403.5
2019-08-10 11:45:00,699796.0
2019-08-11 09:30:00,435107.0
2019-08-12 07:15:00,277457.0
2019-08-13 05:00:00,4896487.5
2019-08-14 02:45:00,1108822.5
2019-08-15 00:30:00,799505.5
2019-08-15 22:15:00,346772.0
2019-08-16 20:00:00,6006164.0
2019-08-17 17:45:00,2767444.0
2019-08-18 15:30:00,1222551.0
2019-08-19 13:15:00,2821654.5
2019-08-20 11:00:00,371599.5
2019-08-21 08:45:00,1051065.5
2019-08-22 06:30:00,1657000.0
2019-08-23 04:15:00,1380892.0
2019-08-24 02:00:00,585369.5
2019-08-24 23:45:00,240976.0
2019-08-25 21:30:00,610317.0
2019-08-26 19:15:00,9376357.5
2019-08-27 17:00:00,7088529.0
2019-08-28 14:45:00,9100578.5
2019-08-29 12:30:00,2723394.5
2019-08-30 10:15:00,4563255.5
2019-08-31 08:00:00,987288.0
2019-09-01 05:45:00,593084.0
2019-09-02 03:30:00,975204.0
2019-09-03 01:15:00,1160688.0
2019-09-03 23:00:00,520141.0
2019-09-04 20:45:00,5991486.0
2019-09-05 18:30:00,7169851.5
2019-09-06 16:15:00,8190535.5
2019-09-07 14:00:00,3814249.0
2019-09-08 11:45:00,555932.5
2019-09-09 09:30:00,3530092.5
2019-09-10 07:15:00,2347429.5
2019-09-11 05:00:00,692051.0
2019-09-12 02:45:00,930841.0
2019-09-13 00:30:00,471958.5
2019-09-13 22:15:00,6625313.0
2019-09-14 20:00:00,363260.5
2019-09-15 17:45:00,892165.0
2019-09-16 15:30:00,9939193.0
2019-09-17 13:15:00,5907184.0
2019-09-18 11:00:00,2276607.5
2019-09-19 08:45:00,1356648.0
2019-09-20 06:30:00,2043324.5
2019-09-21 04:15:00,505106.0
2019-09-22 02:00:00,991330.5
2019-09-22 23:45:00,627579.0
2019-09-23 21:30:00,11913733.5
2019-09-24 19:15:00,1962604.0
2019-09-25 17:00:00,5197668.0
2019-09-26 14:45:00,5004795.0
2019-09-27 12:30:00,3291178.0
2019-09-28 10:15:00,361557.5
2019-09-29 08:00:00,781714.0
2019-09-30 05:45:00,2143929.5
2019-10-01 03:30:00,503760.0
2019-10-02 01:15:00,610059.5
2019-10-02 23:00:00,1288283.0
2019-10-03 20:45:00,1857956.0
2019-10-04 18:30:00,4236231.0
2019-10-05 16:15:00,1340522.5
2019-10-06 14:00:00,3797394.0
2019-10-07 11:45:00,1705371.5
2019-10-08 09:30:00,7004512.0
2019-10-09 07:15:00,1165001.0
2019-10-10 05:00:00,725099.5
2019-10-11 02:45:00,209305.0
2019-10-12 00:30:00,1062405.0
2019-10-12 22:15:00,611543.0
2019-10-13 20:00:00,1715328.5
2019-10-14 17:45:00,7574268.0
2019-10-15 15:30:00,2124877.5
2019-10-16 13:15:00,4294078.5
2019-10-17 11:00:00,4513681.5
2019-10-18 08:45:00,727979.5
2019-10-19 06:30:00,904842.0
2019-10-20 04:15:00,310907.5
2019-10-21 02:00:00,599225.5
2019-10-21 23:45:00,482016.5
2019-10-22 21:30:00,380760.0
2019-10-23 19:15:00,736836.0
2019-10-24 17:00:00,10546414.5
2019-10-25 14:45:00,7515791.5
2019-10-26 12:30:00,2595215.0
2019-10-27 10:15:00,564433.5
2019-10-28 08:00:00,5494684.5
2019-10-29 05:45:00,320643.5
2019-10-30 03:30:00,757302.5
2019-10-31 01:15:00,410760.5
2019-10-31 23:00:00,8515294.5
2019-11-01 20:45:00,8383344.0
2019-11-02 18:30:00,1125462.5
2019-11-03 16:15:00,4727301.5
2019-11-04 14:00:00,6696965.5
2019-11-05 11:45:00,985437.5
2019-11-06 09:30:00,2528564.5
2019-11-07 07:15:00,1255396.5
2019-11-08 05:00:00,1527522.0
2019-11-09 02:45:00,3759204.5
2019-11-10 00:30:00,1886484.5
2019-11-10 22:15:00,215507.0
2019-11-11 20:00:00,1599463.5
2019-11-12 17:45:00,6571801.5
2019-11-13 15:30:00,6986058.0
2019-11-14 13:15:00,4954283.0
2019-11-15 11:00:00,86068453
2019-11-16 08:45:00,65373820
2019-11-17 06:30:00,32662128.5
2019-11-18 04:15:00,994644.0
2019-11-19 02:00:00,14168175.5
2019-11-19 23:45:00,2350974.0
2019-11-20 21:30:00,582273.5
2019-11-21 19:15:00,3415443.0
2019-11-22 17:00:00,7740995.0
2019-11-23 14:45:00,814631.0
2019-11-24 12:30:00,1752942.0
2019-11-25 10:15:00,5294818.5
2019-11-26 08:00:00,15397405.5
2019-11-27 05:45:00,610424.0
2019-11-28 03:30:00,545212.0
2019-11-29 01:15:00,1012346.5
2019-11-29 23:00:00,9588393.0
2019-11-30 20:45:00,3640511.0
2019-12-01 18:30:00,156538.0
2019-12-02 16:15:00,4753802.0
2019-12-03 14:00:00,2759875.5
2019-12-04 11:45:00,753149.5
2019-12-05 09:30:00,670768.0
2019-12-06 07:15:00,374491.0
2019-12-07 05:00:00,946290.0
2019-12-08 02:45:00,372953.5
2019-12-09 00:30:00,264846.0
2019-12-09 22:15:00,7390987.5
2019-12-10 20:00:00,384868.5
2019-12-11 17:45:00,2063832.0
2019-12-12 15:30:00,6619647.5
2019-12-13 13:15:00,4200497.5
2019-12-14 11:00:00,330254.0
2019-12-15 08:45:00,1234324.5
2019-12-16 06:30:00,293710.5
2019-12-17 04:15:00,542757.5
2019-12-18 02:00:00,1724229.0
2019-12-18 23:45:00,987390.5
2019-12-19 21:30:00,2472495.5
2019-12-20 19:15:00,527100.0
2019-12-21 17:00:00,286897.5
2019-12-22 14:45:00,370933.5
2019-12-23 12:30:00,1608023.5
2019-12-24 10:15:00,4617367.0
2019-12-25 08:00:00,1566550.0
2019-12-26 05:45:00,587338.5
2019-12-27 03:30:00,1495980.0
2019-12-28 01:15:00,2660720.0
2019-12-28 23:00:00,660934.0
2019-12-29 20:45:00,750920.0
2019-12-30 18:30:00,639381.0
2019-12-31 16:15:00,7370706.0
2020-01-01 14:00:00,194583.5
2020-01-02 11:45:00,407542.0
2020-01-03 09:30:00,790233.0
2020-01-04 07:15:00,1329434.0
2020-01-05 05:00:00,1755016.5
2020-01-06 02:45:00,2627180.5
2020-01-07 00:30:00,514471.0
2020-01-07 22:15:00,1258805.5
2020-01-08 20:00:00,13263321
2020-01-09 17:45:00,9368096.0
2020-01-10 15:30:00,4501163.5
2020-01-11 13:15:00,4760079.5
2020-01-12 11:00:00,323580.5
2020-01-13 08:45:00,1205765.0
2020-01-14 06:30:00,3931204.0
2020-01-15 04:15:00,317033.5
2020-01-16 02:00:00,2756551.5
2020-01-16 23:45:00,550765.0
2020-01-17 21:30:00,6365965.0
2020-01-18 19:15:00,5307605.0
2020-01-19 17:00:00,2196760.5
2020-01-20 14:45:00,3569302.5
2020-01-21 12:30:00,1446183.0
2020-01-22 10:15:00,2746787.0
2020-01-23 08:00:00,937786.0
2020-01-24 05:45:00,1379758.5
2020-01-25 03:30:00,3520252.0
2020-01-26 01:15:00,479905.0
2020-01-26 23:00:00,719559.0
2020-01-27 20:45:00,14038743
2020-01-28 18:30:00,990873.5
2020-01-29 16:15:00,6391360.0
2020-01-30 14:00:00,7461704.5
2020-01-31 11:45:00,2270842.5
2020-02-01 09:30:00,924116.5
2020-02-02 07:15:00,1030610.0
2020-02-03 05:00:00,272981.0
2020-02-04 02:45:00,2559470.0
2020-02-05 00:30:00,4236969.0
2020-02-05 22:15:00,2591932.0
2020-02-06 20:00:00,30262387.5
2020-02-07 17:45:00,16790658
2020-02-08 15:30:00,3151564.0
2020-02-09 13:15:00,3443735.5
2020-02-10 11:00:00,2101966.0
2020-02-11 08:45:00,2693134.0
2020-02-12 06:30:00,3188672.0
2020-02-13 04:45:00,6703471.0
2020-02-14 02:30:00,860709.5
2020-02-15 00:15:00,11024830
2020-02-15 22:00:00,1986462.5
2020-02-16 19:45:00,387609.0
2020-02-17 17:30:00,349934.5
2020-02-18 15:15:00,5592464.0
2020-02-19 13:00:00,2868935.5
2020-02-20 10:45:00,360733.0
2020-02-21 08:30:00,477671.0
2020-02-22 06:15:00,1335173.5
2020-02-23 04:00:00,2021735.0
2020-02-24 01:45:00,224974.5
2020-02-24 23:30:00,1315021.5
2020-02-25 21:15:00,5734445.0
2020-02-26 19:00:00,8367831.0
2020-02-27 16:45:00,5126617.0
2020-02-28 14:30:00,3101678.0
2020-02-29 12:15:00,1819709.5
2020-03-01 10:00:00,321793.0
2020-03-02 07:45:00,1453155.5
2020-03-03 05:30:00,353439.0
2020-03-04 03:15:00,14220462.5
2020-03-05 01:00:00,240032.5
2020-03-05 22:45:00,2430691.5
2020-03-06 20:30:00,9226473.0
2020-03-07 18:15:00,1376368.0
2020-03-08 16:00:00,1253686.5
2020-03-09 13:45:00,3986181.0
2020-03-10 11:30:00,4893590.0
